<?xml version="1.0" encoding="UTF-8"?>
<project-private xmlns="http://www.netbeans.org/ns/project-private/1">
    <editor-bookmarks xmlns="http://www.netbeans.org/ns/editor-bookmarks/2" lastBookmarkId="0"/>
    <open-files xmlns="http://www.netbeans.org/ns/projectui-open-files/2">
        <group>
            <file>file:/D:/javaweb/WebApp7/web/index.jsp</file>
            <file>file:/D:/javaweb/WebApp7/web/pages/welcome.jsp</file>
            <file>file:/D:/javaweb/WebApp7/web/parts/header.jsp</file>
        </group>
    </open-files>
</project-private>
